<Canvas>
    <Kind>42</Kind>
    <Name>SystemSettings</Name>
    <IsMinified>0</IsMinified>
    <XPosition>1.000000000</XPosition>
    <YPosition>82.000000000</YPosition>
</Canvas>
<Widget>
    <Kind>2</Kind>
    <Name>DEBUG</Name>
    <Value>0</Value>
</Widget>
<Widget>
    <Kind>4</Kind>
    <Name>Max_Number</Name>
    <Value>73.399017334</Value>
</Widget>
<Widget>
    <Kind>4</Kind>
    <Name>BornSecRate</Name>
    <Value>2.000000000</Value>
</Widget>
<Widget>
    <Kind>4</Kind>
    <Name>Max_Size</Name>
    <Value>1.532019734</Value>
</Widget>
<Widget>
    <Kind>4</Kind>
    <Name>GrowRate</Name>
    <Value>0.006896552</Value>
</Widget>
<Widget>
    <Kind>4</Kind>
    <Name>InitialForce</Name>
    <Value>0.039408866</Value>
</Widget>
<Widget>
    <Kind>4</Kind>
    <Name>Z_Move</Name>
    <Value>0.000000000</Value>
</Widget>
<Widget>
    <Kind>4</Kind>
    <Name>Atraction</Name>
    <Value>0.004433498</Value>
</Widget>
<Widget>
    <Kind>4</Kind>
    <Name>Repulsion</Name>
    <Value>0.931034505</Value>
</Widget>
<Widget>
    <Kind>2</Kind>
    <Name>Glow</Name>
    <Value>0</Value>
</Widget>
<Widget>
    <Kind>2</Kind>
    <Name>Nucles</Name>
    <Value>0</Value>
</Widget>
<Widget>
    <Kind>4</Kind>
    <Name>texture_Size</Name>
    <Value>1.000000000</Value>
</Widget>
<Widget>
    <Kind>2</Kind>
    <Name>Container_Periodic</Name>
    <Value>0</Value>
</Widget>
<Widget>
    <Kind>4</Kind>
    <Name>Conteiner_Size</Name>
    <Value>200.000000000</Value>
</Widget>
<Widget>
    <Kind>4</Kind>
    <Name>Conteiner_Height</Name>
    <Value>1.000000000</Value>
</Widget>
<Widget>
    <Kind>2</Kind>
    <Name>Cylinder</Name>
    <Value>0</Value>
</Widget>
<Widget>
    <Kind>2</Kind>
    <Name>Sphere</Name>
    <Value>0</Value>
</Widget>
<Widget>
    <Kind>4</Kind>
    <Name>Cell_Wall</Name>
    <Value>0.354679793</Value>
</Widget>
<Widget>
    <Kind>4</Kind>
    <Name>Cell_Alpha</Name>
    <Value>0.359605908</Value>
</Widget>
<Widget>
    <Kind>4</Kind>
    <Name>Cell_Wires_Alpha</Name>
    <Value>1.000000000</Value>
</Widget>
<Widget>
    <Kind>4</Kind>
    <Name>Cell_Vertex_Alpha</Name>
    <Value>0.000000000</Value>
</Widget>
