<Canvas>
    <Kind>42</Kind>
    <Name>SystemSettings</Name>
    <IsMinified>0</IsMinified>
    <XPosition>1.000000000</XPosition>
    <YPosition>82.000000000</YPosition>
</Canvas>
<Widget>
    <Kind>2</Kind>
    <Name>DEBUG</Name>
    <Value>0</Value>
</Widget>
<Widget>
    <Kind>4</Kind>
    <Name>Max_Number</Name>
    <Value>102.660095215</Value>
</Widget>
<Widget>
    <Kind>4</Kind>
    <Name>BornSecRate</Name>
    <Value>5.000000000</Value>
</Widget>
<Widget>
    <Kind>4</Kind>
    <Name>Max_Size</Name>
    <Value>10.000000000</Value>
</Widget>
<Widget>
    <Kind>4</Kind>
    <Name>GrowRate</Name>
    <Value>0.041871920</Value>
</Widget>
<Widget>
    <Kind>4</Kind>
    <Name>InitialForce</Name>
    <Value>1.000000000</Value>
</Widget>
<Widget>
    <Kind>4</Kind>
    <Name>Z_Move</Name>
    <Value>0.300492615</Value>
</Widget>
<Widget>
    <Kind>4</Kind>
    <Name>Atraction</Name>
    <Value>0.013300492</Value>
</Widget>
<Widget>
    <Kind>4</Kind>
    <Name>Repulsion</Name>
    <Value>0.049261082</Value>
</Widget>
<Widget>
    <Kind>2</Kind>
    <Name>Glow</Name>
    <Value>1</Value>
</Widget>
<Widget>
    <Kind>2</Kind>
    <Name>Nucles</Name>
    <Value>0</Value>
</Widget>
<Widget>
    <Kind>4</Kind>
    <Name>texture_Size</Name>
    <Value>0.482758611</Value>
</Widget>
<Widget>
    <Kind>2</Kind>
    <Name>Container_Periodic</Name>
    <Value>1</Value>
</Widget>
<Widget>
    <Kind>4</Kind>
    <Name>Conteiner_Size</Name>
    <Value>200.000000000</Value>
</Widget>
<Widget>
    <Kind>4</Kind>
    <Name>Conteiner_Height</Name>
    <Value>200.000000000</Value>
</Widget>
<Widget>
    <Kind>2</Kind>
    <Name>Cylinder</Name>
    <Value>0</Value>
</Widget>
<Widget>
    <Kind>2</Kind>
    <Name>Sphere</Name>
    <Value>1</Value>
</Widget>
<Widget>
    <Kind>4</Kind>
    <Name>Cell_Wall</Name>
    <Value>1.576354623</Value>
</Widget>
<Widget>
    <Kind>4</Kind>
    <Name>Cell_Alpha</Name>
    <Value>0.039999999</Value>
</Widget>
<Widget>
    <Kind>4</Kind>
    <Name>Cell_Wires_Alpha</Name>
    <Value>0.172413796</Value>
</Widget>
<Widget>
    <Kind>4</Kind>
    <Name>Cell_Vertex_Alpha</Name>
    <Value>0.039408866</Value>
</Widget>
