<Canvas>
    <Kind>42</Kind>
    <Name>BgSettings</Name>
    <IsMinified>0</IsMinified>
    <XPosition>213.000000000</XPosition>
    <YPosition>1.000000000</YPosition>
</Canvas>
<Widget>
    <Kind>2</Kind>
    <Name>GRAD</Name>
    <Value>1</Value>
</Widget>
<Widget>
    <Kind>4</Kind>
    <Name>HUE</Name>
    <Value>0.000000000</Value>
</Widget>
<Widget>
    <Kind>4</Kind>
    <Name>SAT</Name>
    <Value>11.305418015</Value>
</Widget>
<Widget>
    <Kind>4</Kind>
    <Name>BRI</Name>
    <Value>0.000000000</Value>
</Widget>
<Widget>
    <Kind>4</Kind>
    <Name>HUE2</Name>
    <Value>140.689651489</Value>
</Widget>
<Widget>
    <Kind>4</Kind>
    <Name>SAT2</Name>
    <Value>170.837432861</Value>
</Widget>
<Widget>
    <Kind>4</Kind>
    <Name>BRI2</Name>
    <Value>10.049261093</Value>
</Widget>
