<Canvas>
    <Kind>42</Kind>
    <Name>POINT LIGHT 1Settings</Name>
    <IsMinified>0</IsMinified>
    <XPosition>425.000000000</XPosition>
    <YPosition>1.000000000</YPosition>
</Canvas>
<Widget>
    <Kind>2</Kind>
    <Name>ENABLE</Name>
    <Value>1</Value>
</Widget>
<Widget>
    <Kind>25</Kind>
    <Name>X</Name>
    <Value>130.890014648</Value>
</Widget>
<Widget>
    <Kind>25</Kind>
    <Name>Y</Name>
    <Value>78.533447266</Value>
</Widget>
<Widget>
    <Kind>25</Kind>
    <Name>Z</Name>
    <Value>-5.236938477</Value>
</Widget>
<Widget>
    <Kind>25</Kind>
    <Name>AR</Name>
    <Value>0.500000000</Value>
</Widget>
<Widget>
    <Kind>25</Kind>
    <Name>AG</Name>
    <Value>0.539266706</Value>
</Widget>
<Widget>
    <Kind>25</Kind>
    <Name>AB</Name>
    <Value>0.465967923</Value>
</Widget>
<Widget>
    <Kind>25</Kind>
    <Name>DR</Name>
    <Value>0.486910999</Value>
</Widget>
<Widget>
    <Kind>25</Kind>
    <Name>DG</Name>
    <Value>0.240838334</Value>
</Widget>
<Widget>
    <Kind>25</Kind>
    <Name>DB</Name>
    <Value>0.198952243</Value>
</Widget>
<Widget>
    <Kind>25</Kind>
    <Name>SR</Name>
    <Value>0.581151843</Value>
</Widget>
<Widget>
    <Kind>25</Kind>
    <Name>SG</Name>
    <Value>0.790576518</Value>
</Widget>
<Widget>
    <Kind>25</Kind>
    <Name>SB</Name>
    <Value>0.500000000</Value>
</Widget>
