<Canvas>
    <Kind>42</Kind>
    <Name>BgSettings</Name>
    <IsMinified>1</IsMinified>
    <XPosition>1448.000000000</XPosition>
    <YPosition>195.000000000</YPosition>
</Canvas>
<Widget>
    <Kind>2</Kind>
    <Name>GRAD</Name>
    <Value>0</Value>
</Widget>
<Widget>
    <Kind>4</Kind>
    <Name>HUE</Name>
    <Value>69.088668823</Value>
</Widget>
<Widget>
    <Kind>4</Kind>
    <Name>SAT</Name>
    <Value>0.000000000</Value>
</Widget>
<Widget>
    <Kind>4</Kind>
    <Name>BRI</Name>
    <Value>0.000000000</Value>
</Widget>
<Widget>
    <Kind>4</Kind>
    <Name>HUE2</Name>
    <Value>190.935958862</Value>
</Widget>
<Widget>
    <Kind>4</Kind>
    <Name>SAT2</Name>
    <Value>0.000000000</Value>
</Widget>
<Widget>
    <Kind>4</Kind>
    <Name>BRI2</Name>
    <Value>0.000000000</Value>
</Widget>
