<Canvas>
    <Kind>42</Kind>
    <Name>Presets</Name>
    <IsMinified>0</IsMinified>
    <XPosition>425.000000000</XPosition>
    <YPosition>213.000000000</YPosition>
</Canvas>
<Widget>
    <Kind>2</Kind>
    <Name>cells</Name>
    <Value>0</Value>
</Widget>
<Widget>
    <Kind>2</Kind>
    <Name>crystalLine</Name>
    <Value>0</Value>
</Widget>
<Widget>
    <Kind>2</Kind>
    <Name>electric</Name>
    <Value>0</Value>
</Widget>
<Widget>
    <Kind>2</Kind>
    <Name>Gray</Name>
    <Value>1</Value>
</Widget>
<Widget>
    <Kind>2</Kind>
    <Name>grow</Name>
    <Value>0</Value>
</Widget>
<Widget>
    <Kind>2</Kind>
    <Name>OrganicTissue</Name>
    <Value>0</Value>
</Widget>
