<Canvas>
    <Kind>42</Kind>
    <Name>POINT LIGHT 1Settings</Name>
    <IsMinified>0</IsMinified>
    <XPosition>425.000061035</XPosition>
    <YPosition>1.000000000</YPosition>
</Canvas>
<Widget>
    <Kind>2</Kind>
    <Name>ENABLE</Name>
    <Value>1</Value>
</Widget>
<Widget>
    <Kind>25</Kind>
    <Name>X</Name>
    <Value>193.717285156</Value>
</Widget>
<Widget>
    <Kind>25</Kind>
    <Name>Y</Name>
    <Value>455.498535156</Value>
</Widget>
<Widget>
    <Kind>25</Kind>
    <Name>Z</Name>
    <Value>-790.577209473</Value>
</Widget>
<Widget>
    <Kind>25</Kind>
    <Name>AR</Name>
    <Value>0.549738228</Value>
</Widget>
<Widget>
    <Kind>25</Kind>
    <Name>AG</Name>
    <Value>0.366492778</Value>
</Widget>
<Widget>
    <Kind>25</Kind>
    <Name>AB</Name>
    <Value>0.120418206</Value>
</Widget>
<Widget>
    <Kind>25</Kind>
    <Name>DR</Name>
    <Value>0.534031391</Value>
</Widget>
<Widget>
    <Kind>25</Kind>
    <Name>DG</Name>
    <Value>0.350785971</Value>
</Widget>
<Widget>
    <Kind>25</Kind>
    <Name>DB</Name>
    <Value>0.073297791</Value>
</Widget>
<Widget>
    <Kind>25</Kind>
    <Name>SR</Name>
    <Value>0.282722503</Value>
</Widget>
<Widget>
    <Kind>25</Kind>
    <Name>SG</Name>
    <Value>0.146597490</Value>
</Widget>
<Widget>
    <Kind>25</Kind>
    <Name>SB</Name>
    <Value>0.371727109</Value>
</Widget>
