<Canvas>
    <Kind>42</Kind>
    <Name>BgSettings</Name>
    <IsMinified>0</IsMinified>
    <XPosition>213.000000000</XPosition>
    <YPosition>1.000000000</YPosition>
</Canvas>
<Widget>
    <Kind>2</Kind>
    <Name>GRAD</Name>
    <Value>1</Value>
</Widget>
<Widget>
    <Kind>4</Kind>
    <Name>HUE</Name>
    <Value>128.128082275</Value>
</Widget>
<Widget>
    <Kind>4</Kind>
    <Name>SAT</Name>
    <Value>70.344825745</Value>
</Widget>
<Widget>
    <Kind>4</Kind>
    <Name>BRI</Name>
    <Value>57.783252716</Value>
</Widget>
<Widget>
    <Kind>4</Kind>
    <Name>HUE2</Name>
    <Value>0.000000000</Value>
</Widget>
<Widget>
    <Kind>4</Kind>
    <Name>SAT2</Name>
    <Value>77.881774902</Value>
</Widget>
<Widget>
    <Kind>4</Kind>
    <Name>BRI2</Name>
    <Value>64.064041138</Value>
</Widget>
