<Canvas>
    <Kind>42</Kind>
    <Name>SystemSettings</Name>
    <IsMinified>0</IsMinified>
    <XPosition>1.000000000</XPosition>
    <YPosition>82.000000000</YPosition>
</Canvas>
<Widget>
    <Kind>2</Kind>
    <Name>DEBUG</Name>
    <Value>0</Value>
</Widget>
<Widget>
    <Kind>4</Kind>
    <Name>Max_Number</Name>
    <Value>49.599998474</Value>
</Widget>
<Widget>
    <Kind>4</Kind>
    <Name>BornSecRate</Name>
    <Value>0.600989997</Value>
</Widget>
<Widget>
    <Kind>4</Kind>
    <Name>Max_Size</Name>
    <Value>3.970443249</Value>
</Widget>
<Widget>
    <Kind>4</Kind>
    <Name>GrowRate</Name>
    <Value>0.004926108</Value>
</Widget>
<Widget>
    <Kind>4</Kind>
    <Name>InitialForce</Name>
    <Value>0.009556651</Value>
</Widget>
<Widget>
    <Kind>4</Kind>
    <Name>Z_Move</Name>
    <Value>0.000000000</Value>
</Widget>
<Widget>
    <Kind>4</Kind>
    <Name>Atraction</Name>
    <Value>0.016256159</Value>
</Widget>
<Widget>
    <Kind>4</Kind>
    <Name>Repulsion</Name>
    <Value>0.482758611</Value>
</Widget>
<Widget>
    <Kind>2</Kind>
    <Name>Glow</Name>
    <Value>1</Value>
</Widget>
<Widget>
    <Kind>2</Kind>
    <Name>Nucles</Name>
    <Value>1</Value>
</Widget>
<Widget>
    <Kind>4</Kind>
    <Name>texture_Size</Name>
    <Value>1.000000000</Value>
</Widget>
<Widget>
    <Kind>2</Kind>
    <Name>Container_Periodic</Name>
    <Value>0</Value>
</Widget>
<Widget>
    <Kind>4</Kind>
    <Name>Conteiner_Size</Name>
    <Value>200.000000000</Value>
</Widget>
<Widget>
    <Kind>4</Kind>
    <Name>Conteiner_Height</Name>
    <Value>0.100000001</Value>
</Widget>
<Widget>
    <Kind>2</Kind>
    <Name>Cylinder</Name>
    <Value>0</Value>
</Widget>
<Widget>
    <Kind>2</Kind>
    <Name>Sphere</Name>
    <Value>1</Value>
</Widget>
<Widget>
    <Kind>4</Kind>
    <Name>Cell_Wall</Name>
    <Value>0.078817733</Value>
</Widget>
<Widget>
    <Kind>4</Kind>
    <Name>Cell_Alpha</Name>
    <Value>0.802955687</Value>
</Widget>
<Widget>
    <Kind>4</Kind>
    <Name>Cell_Wires_Alpha</Name>
    <Value>0.172413796</Value>
</Widget>
<Widget>
    <Kind>4</Kind>
    <Name>Cell_Vertex_Alpha</Name>
    <Value>0.000000000</Value>
</Widget>
