<Canvas>
    <Kind>42</Kind>
    <Name>Presets</Name>
    <IsMinified>0</IsMinified>
    <XPosition>425.000061035</XPosition>
    <YPosition>213.000000000</YPosition>
</Canvas>
<Widget>
    <Kind>2</Kind>
    <Name>CellMandala</Name>
    <Value>0</Value>
</Widget>
<Widget>
    <Kind>2</Kind>
    <Name>ElectricVoro</Name>
    <Value>0</Value>
</Widget>
<Widget>
    <Kind>2</Kind>
    <Name>Gray</Name>
    <Value>0</Value>
</Widget>
<Widget>
    <Kind>2</Kind>
    <Name>Hex01</Name>
    <Value>0</Value>
</Widget>
<Widget>
    <Kind>2</Kind>
    <Name>Kryptonite</Name>
    <Value>0</Value>
</Widget>
<Widget>
    <Kind>2</Kind>
    <Name>UniverseVoro</Name>
    <Value>0</Value>
</Widget>
<Widget>
    <Kind>2</Kind>
    <Name>OrganicTissue</Name>
    <Value>1</Value>
</Widget>
